Artist Name,Track Name,Track ID,Value,Type
Alanis Morissette,vapor—amplified in stillness,5ecli7JnIyzyWy7WcA3Wqn,0.995,ac
Calvin Harris,Vault Character,48eVBJaOkFchY0yUlhTSC4,0,va
Childish Gambino,Playing Around Before the Party Starts,4yLg1biohoNlXT23qvzybA,0.995,ac
dodie,?,5hC3I8u2OyE8AR0Y6pRBpa,0.995,ac
Elliott Smith,Bye,5KAs3iI8oZKmF7IovGVjYR,0.994,ac
Elliott Smith,Bye,4JosyubgIpErAsvMKwph8n,0.995,ac
Fleetwood Mac,"Songbird - Instrumental, Take 10",3JR6wXMbEwhZiTUWy3VzZ2,0.995,ac
George Michael,Patience - Pt.2,1x5QIAUqR9jvMzQticXEsn,0.995,ac
James Blake,Give Me My Month,0wXiC2Qisd4DeehG8u6qqa,0.994,ac
John Lennon,My Mummy's Dead - Ultimate Mix,4kTjYI2W18dlYmymx4aWzT,0.996,ac
John Lennon,My Mummy's Dead - Take 2 / Out-take / Ultimate Mix,32kjwujmiktmgLLt4ylGQ5,0.994,ac
John Lennon,My Mummy's Dead - Elements Mix,3qKekr9qwgh9Y7mlhv3pKq,0.994,ac
Yoko Ono,Let Me Count The Ways - Remastered 2010,1dMOiWybjR5Puar2OPuFg4,0.994,ac
John Lennon,My Mummy's Dead - Remastered 2010,3cRTt4jCzcyRLe6nh6c5io,0.995,ac
M83,When Will You Come Home?,0ILPnIuTZ2TJ8pbYxmOHzF,0.996,ac
Outkast,Nathaniel,6NqUceA124QO9v5jYv0QCg,0.996,ac
Phoebe Bridgers,Smoke Signals (Reprise),4VmQEkVgdTcjn2ksGRZMAR,0.995,ac
Phoebe Bridgers,Smoke Signals (Reprise),2ooccp9hLwYzOgynSA0CcT,0.995,ac
Pink Floyd,"The Grand Vizier's Garden Party, Pt. 3 (Exit)",4Dk7ln90TotTGBCXpZYJEX,0.995,ac
Radiohead,MK 2,6Z467S228pBaUaAaMMBIHl,0.995,ac
Ruth B.,Holiday Interlude,46A7nOeFiooscc1sT71SLh,0.995,ac
Ruth B.,Holiday Interlude,6KCxnCRuM5C38ZLnI36uHH,0.995,ac
SAULT,Spirit Call,3MADDuXBgo9q35GblHoynD,0.995,ac
Sublime,Raleigh Soliloquy Pt. I,1dpoi57apNWeO9DNcyyLnV,0.994,ac
The Beatles,Yellow Submarine - Songwriting Work Tape / Part 1,5X5HVh2lDUfkUJLjkhavBL,0.994,ac
The Beatles,Yellow Submarine - Songwriting Work Tape / Part 2,2Ad5OYsHgZtklrmHlX6EXr,0.994,ac
The Killers,West Hills III,6TRe0Yfzd2c894P2BxgJux,0.994,ac
The Notorious B.I.G.,My Dad (Interlude),0ZvYLuNtKao1BejgWHGlmB,0.995,ac
U2,Near The Island - Instrumental / Remastered 2021,4DFf6tYvVq0EsODQ4iw86e,0.995,ac
Depeche Mode,Sonata No.14 in C#m (Moonlight Sonata) - 2006 Remaster,72O0jxrBsdGf3jd9684WMK,0.995,ac
Aminé,NEO,7onHzHeOVE3M9p0tNKQbXc,0.981,da
bbno$,mememe,5Ii1kY2dSOyMZpRGFa6NxO,0.975,da
Bob Marley & The Wailers,Soul Rebel - Afrodisiac Soundsystem Remix,3y0t6uVSWcHqT1pzBYH0V2,0.979,da
Chance the Rapper,Let it Snow,4nG5PFTgDtn76NKr52KfNX,0.977,da
Daft Punk,Teachers,4UHd9OG8OOPR2JEhXOVJgS,0.981,da
Daft Punk,Teachers,4ZdjCuiWBv2weLftWPJ72c,0.98,da
El Alfa,Goyard,47JF1eIg1ipsnf9C1gYz0H,0.977,da
El Alfa,Pa Pa Pa,3zPPVW9CBU3ytmH7ELjvQq,0.977,da
Flo Milli,Conceited,1LXbPMo6iXxAuQJsqCmHUY,0.984,da
Flo Milli,Pretty Girls,26nPLCWwBz8N8DRuKgg2tT,0.977,da
Flo Milli,Big Steppa,7sSGel3xQY5FJKDCObJ9VE,0.982,da
Flo Milli,Pay Day (feat. Rico Nasty),1S9qOCrpjPhHu1lf2Tup2C,0.979,da
Flo Milli,Conceited,3qKunud9sySc8qvQ3i84og,0.984,da
Flo Milli,Pretty Girls,2u3hKhl5ltq0gbFo8ivsbB,0.977,da
Flo Milli,Big Steppa,4wS4YABWUMDxcbImu3llWL,0.982,da
Flo Milli,Pay Day (feat. Rico Nasty),3T3UAYDMWKgg0aLsCmLtup,0.979,da
Gucci Mane,How I See It,4M0epsJu3EhfZs6CQyYSwu,0.976,da
M.I.A.,Jump In,59If4oVzSxz7ghf30axteY,0.986,da
Megan Thee Stallion,Kitty Kat,6DoGtGyDgv5mVxeCpP92tX,0.983,da
Milky Chance,Rush (feat. Témé Tan),44UZS0B4bIzmDa8JjMzCy2,0.974,da
Pitbull,Go Girl,6Ksb7nVVaNWKyuLzPfdyZD,0.986,da
Pitbull,Go Girl,5IbMUI4rcWtXlq83UWqTcQ,0.986,da
Rae Sremmurd,Chanel (feat. Swae Lee & Pharrell) - From Jxmtro,2W6JHG3KGGPv82Bi2hAnSz,0.98,da
Run–D.M.C.,Wake Up,2CwGWqDUOImtIn1vUl4i3r,0.982,da
Sean Paul,Don't Tease Me,2VkX2ovcu5nqF2ax4bT9v2,0.976,da
Rae Sremmurd,Chanel (feat. Swae Lee & Pharrell) - From Jxmtro,2W6JHG3KGGPv82Bi2hAnSz,0.98,da
Tiësto,Always Near - Extended Tiësto Beat Mix,5Xp4KGaQt6hrSi407TD8O7,0.976,da
Tyga,Glitta,6eKhUyog7OVjeR8jswqrC4,0.981,da
Juicy J,Testin,3a10dCqy1uBdMnekoMwDY7,0.98,da
Juicy J,Pop That Trunk,15Wr16fDha5kBhznv5YfRO,0.978,da
AFI,Two Of A Kind,2dHVJ38uK5AmAyl06MSBx6,0.997,en
Jack Ü,Jungle Bae (feat. Bunji Garlin & MX Prime),7yJzk64ul9PFgVFUYbEzZL,0.997,en
Disturbed,Intoxication,3Te8zwoSdO2BrhDVVwiqeY,0.997,en
DJ Snake,"Made In France (with Tchami & Malaa, feat. Mercer) - Nitti Gritti Remix",4F2qpMNKfaHVFUghq78FWH,-0.169,lo
Green Day,"The Grouch - Live at the Electric Factory, Philadelphia 11/14/97",2NLg9xI8l7a7MOG6E3ugkU,0.997,en
Green Day,Take Back,6C3nwiSeOjEPzw8P3Qz2ih,0.997,en
Green Day,Paper Lanterns,5TbJdu0jasNSuQRDkjIKax,0.996,en
Guns N' Roses,Garden Of Eden - 2022 Remaster,7vgCdQo44FWsOEZbstiTS2,0.999,en
Guns N' Roses,Garden Of Eden - 2022 Remaster,2dBm1u1etHm4UsZ17S4tSr,0.999,en
Guns N' Roses,Human Being,1lOuIyCsLqFwQFLFahWCC6,0.996,en
Guns N' Roses,Raw Power,2foNAckCzsyD0HJUbmhTZJ,0.996,en
Guns N' Roses,Reckless Life - 1986 Sound City Session,3lN4CAGBYeEj0QKG2NBylA,0.997,en
Jimmy Eat World,Lucky Denver Mint,2GtMBnQshzpr6kIInqTJVd,0.996,en
Logic,Bleed It,3RTCSJf6MKrEXNjws0G6Ou,0.996,en
Metallica,Lux Æterna,18zjwSgYiwu1Meb7Po3tUP,0.996,en
Metallica,Last Caress / Green Hell,2huEOPsK2M0GbgfoiTqEdy,0.998,en
Nickelback,"Intro/Animals - Live at Buffalo Chip, Sturgis, SD, 8/8/2006",3WXIzH7suUHdQ20flxqL4W,0.996,en
Nirvana,Tourette's - Demo / Instrumental,0AHlGWfSaznR8FxFDLUbTU,0.998,en
Oasis,The Meaning Of Soul,0ck74tvdjSVbc79hfTB8ym,0.999,en
Oasis,Cigarettes & Alcohol - Live at Manchester Academy,7kkuGsgXGgrQvlnz86MydP,0.998,en
Papa Roach,I Suffer Well,3Fxnw9G1qd9VwqyHP6jZ0G,0.998,en
Rage Against The Machine,Street Fighting Man,5JEZevevEmF725NxEBhfBT,0.997,en
Red Hot Chili Peppers,Subway To Venus - Remastered,2JjM0vE6PADTFb2LXdAzVG,0.997,en
Red Hot Chili Peppers,"Johnny, Kick A Hole In The Sky - Remastered",6vIf6kXGafCa6bBgXVSvnN,0.997,en
Red Hot Chili Peppers,Catholic School Girls Rule - Remastered,1sRFxaAfLqEVQNyVzOEPj2,0.998,en
The Cure,It's Over,7mlBdP3I1eCedzyn2sPFAR,0.998,en
The Smashing Pumpkins,Slunk - Live On Japanese TV/1992,53FEe8POnXL1ggsf8u3JuG,0.997,en
The White Stripes,Broken Bricks,1kw5Mr19smLQWlZPzJkLCL,0.997,en
TV Girl,Your Friends Are Calling Your Name,59DxXc2Y0Pwre0TgnZpsQd,0.997,en
"Tyler, The Creator",Tamale - Instrumental,72OgjLqn9qG0A9XkfGwGrt,0.998,en
Beach House,10 Mile Stereo - Cough Syrup Remix,6yCiOlrFtfTkPlFG6phU2C,0.992,ins
Blur,Optigan I,5fyeH2VfrwU36kKOSfAYhU,0.993,ins
Blur,Optigan I,05SEo3GMZSrYo8nQC28B0m,0.993,ins
Calvin Harris,Vault Character,48eVBJaOkFchY0yUlhTSC4,0,va
Coldplay,✨,1danObd53GynoY83wRz3Ua,0.99,ins
Coldplay,Mylo Xyloto - Live,0ejLFn10FIMPNSwCmIviyR,0.993,ins
Daft Punk,"Arena - From ""TRON: Legacy""/Score",2aUDpZRSit5Zg2R6L5r6dW,0.994,ins
Foals,Red Desert,3KbBOBkU34hDr8diFwxU07,0.99,ins
G-Eazy,Interlude,6ZiD3lmvLOiUD1FYRyQPlV,0.995,ins
Genesis,Unquiet Slumbers for the Sleepers...,2JhRyPqvshAE0LaESuFmWU,0.99,ins
Genesis,Ravine - 2007 Stereo Mix,5oa5Mx7nKpWbBznoontRtr,0.992,ins
Hippo Campus,Interlude,18btLbmzZFaBKPohbp9svn,0.99,ins
Janet Jackson,Sweet Dreams,0r3UthAgr6BmjNiI7dBF1w,0,sp
Janet Jackson,Interlude: Let's Dance,5KcJlvSdqSwGnrDKnO5pYC,0,sp
Linkin Park,Foreword,4hTqLlqeT6vFKLGVbpd88M,0.989,ins
M83,Ali & Matthias,3e7RqJSsM4NWX7oZVQGkjD,0.989,ins
New Order,Chosen Time - Rehearsal Recording 2019 Remaster,71yWcXDrMdngka9tROkPOa,0.99,ins
Nirvana,Tourette's - 1992/Live at Reading,5MW6fVxtUA9CFp96uiBhis,0.988,ins
Oasis,Trip Inside (Be Here Now) - Mustique Demo,1wOPk5CDkqcNPY1M3X8klK,0.996,ins
Hans Zimmer,Proposal,09FpvC1Jcec84kxHvHizJZ,0.99,ins
Queen,Yeah - Remastered 2011,6XwKyBDAMcumT4XRAWaSIk,0.999,ins
Radiohead,MK 1,49oVFSbl8QdRAXktelJZWC,0.988,ins
Red Hot Chili Peppers,Lovin' And Touchin' - Remastered,1WoomT0pTIiZVhSyvn9xTb,0.992,ins
SAULT,Pink Sands,1rTPSGVU1e4wndI03ULFbp,0.99,ins
The Smashing Pumpkins,17,7kN7S8f4wKlJVKrA92KpMx,-35.553,lo
The Smashing Pumpkins,17,7r1mgQ1BDsWv1ZsLuIeTeF,-35.553,lo
The Who,Helpless Dancer,5ye7zxsj8BtX8aECAqIMjV,0.00627,en
Tory Lanez,LUV - Skit,7l8r61yVSfQWb3JwARpL2f,-53.341,lo
Wings,Message To Joe - 2014 Remaster,6vc6Eiss23Hs7je8qC6TRn,0.998,ins
YUNGBLUD,Eulogy,1RS3T7b2pyNEBZYjndszf1,0.995,ins
100 gecs,Hollywood Baby,0oigSejhoNen2EdNAIFcm5,0.706,lo
Britney Spears,Lonely,6hlpPqTRqUZI2B4TCOycDf,-0.674,lo
Cage The Elephant,Spiderhead,5r5Lj2MkgwQJz6TaBdL865,-0.734,lo
Cage The Elephant,Black Widow,3zQJdKcFjiHEz7Xqum4bom,-0.744,lo
Carrie Underwood,Mexico,0YICFtdkzTAgahgnwvYTiz,-0.521,lo
DJ Snake,"Made In France (with Tchami & Malaa, feat. Mercer) - Nitti Gritti Remix",4F2qpMNKfaHVFUghq78FWH,-0.169,lo
Dr. Dre,What's The Difference,1SWVDBtw6h3tm9OehOkDhv,-0.14,lo
El Alfa,Pila de Mueck,1c5dEfeLOGqAlMKdMC0LoU,0.625,lo
El Alfa,Alibaba,12sXa8kHc5AXXOpZjyG0Gj,0.063,lo
Eminem,So Bad,7F5dzHiZ8EmD8szZtaDZsQ,0.497,lo
Eminem,So Bad,5Ve4qBYAThGLTOva0hhoTa,0.496,lo
Eminem,Must Be The Ganja,5PVv4YALJruehQKyAlwjfE,0.161,lo
Eminem,Must Be The Ganja,193EZtB9RHLTl1bFVyyjib,0.161,lo
Eminem,Must Be The Ganja,0g6Wn9gocuOVr72Yaf8UBF,0.161,lo
Flume,MUD,425KAU2QSkjYhTSDcgIHjO,-0.507,lo
Ice Cube,Everythangs Corrupt,47Lo1tJ3fN8YiEmd1XP23X,-0.679,lo
JAY-Z,Say Hello,6eK6QQZ8RFakE47NDWDr4P,-0.564,lo
JAY-Z,American Gangster,3aSyuFPBMcIxKmXN5OSzW0,-0.734,lo
Luke Bryan,Move,6qoH2pKeEibNUG1pnJIjmZ,-0.716,lo
M.I.A.,Popular,7KnvTWgBoiY0Ypp6AHO5qU,-0.436,lo
Metallica,Cyanide,2LfonCFEOzFedikP12rTeo,-0.463,lo
Muse,Break It to Me,1mgWnqeUOurHJIyorDtuqF,-0.759,lo
Rauw Alejandro,PUNTO 40,4UGqAW9i7NtE5mW9xzm6yk,-0.484,lo
Red Hot Chili Peppers,Get on Top,0GcWf1Cc4ixN35D3O9VdcP,-0.407,lo
Red Hot Chili Peppers,Easily,3QJnjJH53Ocg22MaLutrgJ,-0.32,lo
Red Hot Chili Peppers,Get on Top,3s3oiCHAHLWmKZUYk1ozJG,-0.407,lo
Red Hot Chili Peppers,Easily,3DmOWG8OD9eR12180fmJqf,-0.32,lo
Sech,Sal y Perrea,5u7twkeask1VIyDeNTElSU,-0.515,lo
The Offspring,This Is Not Utopia,7JmbtvmRa0ujQc7HXesX5G,-0.738,lo
ZZ Top,Heartache In Blue,6FmIBpxEwPcLPO9v1fVYtt,-0.246,lo
*NSYNC,Pop,0Jc8qF1mUPo1A96HE9QxZz,0,ins
*NSYNC,Celebrity,2YHvWvFFH53lpG96eijEe9,0,ins
*NSYNC,The Two Of Us,3Djw4KjA9eO0TxrIUaGNwq,1,mo
*NSYNC,See Right Through You,0x0KmsdyPlkBlBjvpoOh9h,0,ins
*NSYNC,Selfish,78WtQgnzUKImvnUFhvIUcQ,0,ins
*NSYNC,Something Like You,2hXhC1nZ5GeEmjbQOshHSI,0,ins
*NSYNC,This I Promise You,46n2EGFnPC3tzWCN1Aqe26,0,ins
*NSYNC,No Strings Attached,6wOlzyu9hqu4Tjk0kPNv6e,0,ins
*NSYNC,Digital Get Down,0yX0Zw8ouA5lD7rbzWfowL,1,mo
*NSYNC,Bringin' Da Noise,0MxKHJEhhFOJsvYak4Q5Bu,1,mo
*NSYNC,That's When I'll Stop Loving You,3TnT4ULnE2bzJG40gUtZh6,0,ins
*NSYNC,I'll Be Good For You,7Dt3YcGl01jAdxJrIXf0T6,1,mo
*NSYNC,I Thought She Knew,0b4u7IhBY61kSmS8wVIPYg,0,ins
*NSYNC,Home for Christmas,3cNhneDghtV9yHK2KeF0Es,0,ins
*NSYNC,I Never Knew the Meaning of Christmas,60tynZB6YaV1Zt3MuodxWZ,0,ins
*NSYNC,The Christmas Song (Chestnuts Roasting on an Open Fire),7y8Wc2WQvyG05lpO0fBTtv,1,mo
*NSYNC,I Guess It's Christmas Time,0O3qXS5DEEqqOjYxGMhHjS,0,ins
*NSYNC,All I Want Is You (This Christmas),42ahZK39o2uryeHVJbjqc0,1,mo
*NSYNC,The First Noel,07iHbbigSDl7kcWjKaiM3g,0,ins
*NSYNC,In Love on Christmas,4fxvrCE59SCkLu5ardAXAT,0,ins
*NSYNC,It's Christmas,0piPAJS8d1xLTK57tX8quf,0,ins
*NSYNC,O Holy Night - A Cappella,7JkCwoxICUtwg2PrvxBlJ5,0,ins
*NSYNC,Love's in Our Hearts on Christmas Day,3WpYTjY9L7QxUhIjMf9pFa,1,mo
*NSYNC,The Only Gift,10CPaH7on90QzTUxbxT20L,0,ins
*NSYNC,Kiss Me at Midnight,4mOPMSyc9tQsiB4BWFshbQ,1,mo
*NSYNC,Tearin' up My Heart - Radio Edit,594M0rqYMOo8BhMGEdoi5C,1,mo
*NSYNC,Here We Go - Radio Cut,0aYMFyDeGgOIUUMqfGYg00,0,ins
*NSYNC,(God Must Have Spent) A Little More Time On You,4mljNnZ2eaXKSbEAOzLlLE,0,ins
*NSYNC,Everything I Own,2DrxV6hp0zGQ6LX7B3aI4j,0,ins
*NSYNC,Thinking of You (I Drive Myself Crazy),2lFmoFR906U2ztvMMuJ0ep,0,ins
Cardi B,Intro (Skit) (feat. The Breakfast Club),0n6qoCWeQuMfSVDDOF1RSE,0.955,sp
Cardi B,Outro (Skit) (feat. Lisa Evers),65E62IKAS6cnO46fpkDhx1,0.956,sp
Demi Lovato,Stone Cold Intro (Commentary) - Live from Spotify NYC,2BXOGamZTlEoNPBPdfqo12,0.953,sp
Demi Lovato,Father Intro (Commentary) - Live from Spotify NYC,26x0nnZqPPrqXaDoYS7J3o,0.954,sp
Demi Lovato,Interview Part 3 - Live from Spotify NYC,4kyoHXSo7JowZ4Ak5l40Jx,0.959,sp
DMX,The Prayer VI,3013vIp8qISGsVsb10WRlV,0.964,sp
DMX,The Prayer IV,6tZzlqOrWgIPOoq4uw78Dt,0.958,sp
Thomas Chong,Outro,4rmK0BSBLMiwNJ6iwWXJm1,0.949,sp
Paul Rosenberg,Paul - Skit,0Uv5Kp8sEnriJjkX4oLfNI,0.966,sp
Master P,MP,71vxvadFTNj1Hx4LqLEBkl,0.953,sp
Kanye West,Skit #3,2Xn5DIyAba7Fgyky3gU3rA,0.956,sp
Kanye West,School Spirit Skit 1,25mwJPzWVmS2yronBNQJF1,0.95,sp
Kehlani,Intro,2Nd2HLWrIq1DcNMiYPTQUC,0.949,sp
Kehlani,Intro,3G9GZsgNp2RQwzkzsYWfnK,0.951,sp
Magdalena Bay,secret 11,0Pvw0WQ1AVSZM5SiuxKBN1,0.949,sp
Mary J. Blige,Forever No More - Poem,6kOPJgXbV8NKFRNtMvW2gI,0.961,sp
Mary J. Blige,Forever No More,0a91EhOzIczwdNtYjeFKoQ,0.958,sp
Quincy Jones,Voice-Over Intro Quincy Jones Interview #2/Quincy Jones Interview #2 / Voice-Over Intro Billie Jean (Demo),5hYxcTFDceQRd9jQKn6N6T,0.953,sp
Michael Jackson,Voice-Over Intro / Voice-Over Session from Thriller,51PXL2lCvWSN41KhOcVdBE,0.96,sp
Mike Posner,Sage Wisdom From Steven Tyler,5NZIxHUlPccHHmLSgS7AQF,0.959,sp
Nelly,Fuck It Then,420vO6ll9zXZebYKUqvstj,0.952,sp
Nelly,Fuck It Then,1E0u5Fr5dA89iq1VeF0ZIC,0.953,sp
Red Hot Chili Peppers,Audio Commentary for Stadium Arcadium - Short Version,3woCbTsNHhU8lvhgvZ3rJ2,0.959,sp
Romeo Santos,Skit - With a Special Character,1QvxgBdiJ4lQy3NGQbG78k,0.957,sp
ROSALÍA,Abcdefg,5EbsCDXjzmwtHm70q87VHt,0.951,sp
SAULT,Add a Little Bit of Sault,3tlgj2xwwn4Ma0WCS6iils,0.953,sp
Tate McRae,?,0hh6usshPzFf6j0lGkhMs3,0.961,sp
The Beatles,"A Little Rhyme - Live At The BBC For ""Pop Go The Beatles"" / 16th July, 1963",3DNENIsGC1h2tXNfPlq62g,0.954,sp
The Kid LAROI,NEW GUY (skit),4ptpUofmWMGsb8Xg1138L3,0.949,sp
Wu-Tang Clan,"C.R.E.A.M. (Cash Rules Everything Around Me) (feat. Method Man, Raekwon, Inspectah Deck & Buddha Monk) - A Cappella",61QU5MPwOReHIAfnY4vh54,0.95,sp
AFI,Veronica Sawyer Smokes,6SN4qm8A1aQNvZm52dLAvu,215.672,te
AFI,Veronica Sawyer Smokes,6z3565Zx1up8GDxluz6mHX,215.681,te
Beach House,Lazuli,6HdMeOwJXD3oY1Thn1bsCY,219.446,te
Carrie Underwood,Cupid's Got a Shotgun,24w0eusbTsyhPkJj72LUIm,216.029,te
Demi Lovato,Melon Cake,3usqDhtQDygYgZOLNCeZ3J,220.065,te
Demi Lovato,Melon Cake,6YiFO4Z74jjyJXWfqLH0Gy,220.065,te
Demi Lovato,Melon Cake,1qWjN1wINoiSJJqEXjiD0h,220.065,te
Fatboy Slim,Slash Dot Dash,1uTyD0bjuLMPbep9jSKKwg,220.041,te
Fleetwood Mac,Talk With You (Demo) [Remastered],5CD6huXlCbeMeZXb0wvTbc,241.005,te
Gustavo Cerati,Balsa,2xYRvCEGzG1GUoORlsvLn2,222.942,te
Janet Jackson,Funky Big Band,0GN1EmGeyssYIUoAjFTGmY,216.26,te
Janet Jackson,Funky Big Band,3PnaTzx5PPcSeN6EGWjWZQ,216.25,te
John Lennon,It's So Hard - Take 6,0l0uVCpKX1G27aqJXovlHr,240.463,te
John Lennon,It's So Hard - Take 11 / Raw Studio Mix,0snWICG67EiYJmiDvuws47,240.699,te
M.I.A.,Talk,5BYWVdnA0INZ2L39RKrown,219.105,te
Mary J. Blige,I Feel Good,1UN38PVX98aRV90tPHAfJ9,216.216,te
P!nk,Numb,2mnd5CBjJ4ahz4E2WLWtSv,217.173,te
Pearl Jam,Spin the Black Circle - Remastered,7Al0ADUt8SCPiQIBbTcNdR,217.913,te
Plain White T's,Let's Pretend,1A5KjJTvlmgkySN8RjwoGi,217.396,te
Sabrina Carpenter,In My Bed,1FjD1jpm51dH5LzLvrDVPY,218.365,te
Stevie Wonder,Love Light In Flight,5TKz8J4Noz4nZSFIOpHpMm,217.396,te
Stone Temple Pilots,Guilty,7sJox5h7NchsKuX4ld78F8,220.025,te
lonelyboy,rivers of babylon - lofi,6K70ZuEU0XCCbsy0UvQndx,219.913,te
The Goo Goo Dolls,Keep the Car Running,56hrxrPNeaiI8GlJMKKVUB,217.763,te
The Goo Goo Dolls,Keep the Car Running,3xstSC6z3MIQGGgxlOfZB1,217.763,te
The Offspring,Secrets From The Underground,1KblaMkte0ZEyk9k6kLW92,217.88,te
Thirty Seconds To Mars,Convergence,7KH1m5ni4SIU0e1tbXyyDD,216.153,te
YNW Melly,Mama Cry,2fSW54bA6x2iWePU7rpCiP,220.099,te
ZZ Top,Jesus Just Left Chicago - 2006 Remaster,4tYjuquiKvx2Pq6usRTVWB,215.918,te
Snoop Dogg,WBallz (Interlude) - Album Version (Edited),5MrQylGnAgburdRt51rIOQ,218.1,te
ABBA,Does Your Mother Know,0vECqNYnttydmJRQFlJhSc,0.98,va
Aventura,Pueblo por Pueblo,2MYPAkbdiAGCkHwyMfhif6,0.979,va
Barenaked Ladies,Roll Out,28HPLBsRvwhj2N4U1UjK0d,0.98,va
Barenaked Ladies,Drawing,6ZupX1uFP0Z1l9ETsdXBY6,0.979,va
Blur,People in Europe - 2012 Remaster,0v3Iu3EJlX0eT89PCwEVaE,0.991,va
Café Tacvba,El Outsider,19jLYHzFY0qqgvJuwWwSRe,0.979,va
Café Tacvba,El fin de la infancia,0wypzLrlCWusEmxiqSdyZi,0.98,va
Chuck Berry,I Just Want To Make Love To You,64ymMCwogCZIFHMWlXk8vD,0.981,va
Chuck Berry,Instrumental,6Qb48hDqQOcvlbSXmUTvlI,0.979,va
Cyndi Lauper,Funnel of Love,6ZprAnZ8sdTWcwNP8Iarwe,0.978,va
Eminem,Without Me - Instrumental,5xIM3qK1BXXJuTq9srJWaL,0.983,va
Fitz and The Tantrums,Complicated,6qirdZqYYhHfHCcUcxL2Ow,0.982,va
Los Prisioneros,Limpieza Racial,7AjGdvEi7KB1cblHOwhnrd,0.983,va
Mac DeMarco,20190724 2,6L3kq3nfseC0GL1NRPGJaC,0.979,va
New Order,Untitled 1 - Writing Session Recording,0s0zvKBhLsOuS9X7u2KcYc,0.982,va
R.E.M.,Pete’s Hit,2NbDtwmJJfa92RXbyJmMr2,0.983,va
Ricky Martin,Conmigo Nadie Puede (Comigo Ninguem Pode),0W1UzuN0sBvB0MmE1MXF0c,0.981,va
Smash Mouth,Defeat You,3y9l6k1sTwXgJ3L80IfrS9,0.978,va
Steve Lacy,Out of Me Head,3G9tyuUoBVNTDXY0icrUVf,0.978,va
Stevie Nicks,Enchanted - 2016 Remaster,1YB5lS42iM84eg9nzgPGiQ,0.988,va
Stevie Nicks,Enchanted - 2016 Remaster,0jfh0y00FcqVpYCxh7kkF3,0.988,va
Stevie Nicks,Enchanted - 2016 Remaster,6ZMQ6kKshuMLWrYk37KBmX,0.988,va
Stevie Wonder,Land Of La La,4SyPsgGCqmlDrXCsf2Rvmm,0.979,va
Talking Heads,Right Start - Unfinished Outtake,2FkJ8X6a1prYSYIdaEUItJ,0.978,va
The Beatles,"Carol - Live At The BBC For ""Pop Go The Beatles"" / 16th July, 1963",2CkSHHcBZQXxg90xAcUkhn,0.979,va
The Beatles,"Nothin' Shakin' - Live At The BBC For ""Pop Go The Beatles"" / 23rd July, 1963",5YrqrCg9WqPyhvIGlpaOst,0.979,va
Tina Turner,Break Every Rule,2uabJKR8oOhyk89TsfMxgu,0.978,va
Bob Marley & The Wailers,Bad Card,2Zw5FtdFtvKWg4h44GOv3R,0.979,va
Madonna,Material Girl,7bkyXSi4GtVfD7itZRUR3e,0.98,va
The Beach Boys,Shut Down (Stereo),6mGuqpKesu26K9xFmKJbzW,0.981,va
AC/DC,Through The Mists Of Time,3FR2w9O5i9q3unY3gyjq6E,1.62e-06,ac
Gorillaz,Interlude: Elevator Going Up,5vN4teJoROMQoadL4IzejG,0,va
Gustavo Cerati,Cabeza De Medusa,1qHmHkMJ1DvgSkB28s2a8F,2.05e-06,ac
Janet Jackson,Back,2d7W1B4rrPYsZ4V5YQPbrJ,0,va
Janet Jackson,Go On Miss Janet,5pipIbCD9vK7ELZar8YGHM,0,sp
John Lennon,Nutopian International Anthem - Remastered 2010,7F79XZz877jl7m1YJUnoRN,-60.0,lo
Journey,Venus,0Dj25MXOcj6HhcXsaKgcJX,1.94e-06,ac
Metallica,Free Speech For The Dumb,0i5rdIyrXsxgi00aqX1gUs,1.81e-06,ac
Mike Posner,Thank You,57l6GVJXjSWcguXMlVqrkQ,0.000518,en
my bloody valentine,Feed Me with Your Kiss,3yRVw6tj1WBOXVwfLkWH9q,1.11e-06,ac
Nirvana,Scentless Apprentice,54UFDHWI2q7WHfrGbSNWph,1.53e-06,ac
Nirvana,Scentless Apprentice,77tmFqXDcvsjBYZ0F7E9WH,1.53e-06,ac
Nirvana,Dive,6G2baGa99QcqUUTmkEgeZl,2.04e-06,ac
Nirvana,Dive - Smart Sessions,5yzPKsmRwOaK40dhJYx430,1.86e-06,ac
Nirvana,Dive - Smart Sessions,4oOevM6rfw6eb3t9Jd2eMi,1.86e-06,ac
Snow Patrol,By Heart - Demo,5mZXwYtu83dzfz6dqzMEPO,1.83e-06,ac
Soundgarden,Face Pollution - Studio Outtake,0gjSp2jBAbtYlwZCH7Oq5I,1.61e-06,ac
Stone Temple Pilots,Sex Type Thing - 2017 Remaster,6skC0VsaOZE1kG4CwXI2Zj,1.39e-06,ac
The 1975,Me & You Together Song,6SrvijeageGUiFu9iCDdmM,1.66e-06,ac
The Neighbourhood,A Moment of Silence,57g9uWuZI1t822eLvEVQjn,-60.0,lo
The Smashing Pumpkins,This Time,2d6dhdNVmJjrcVhSzQaYRt,1.44e-06,ac
The Smashing Pumpkins,Jellybelly - Remastered 2012,6912SIXb1G9ql3quOxeCaa,2.2e-06,ac
The Smashing Pumpkins,Glamey Glamey - Sadlands Demo,3Upc5EgrQBAvQ1YUuK2zuF,0,ac
The Smashing Pumpkins,Hello Kitty Kat - Remastered,1qpSSDHorKCbblATXGsnIQ,1.18e-06,ac
The Smashing Pumpkins,Hello Kitty Kat - Remastered,7312Eo9LfeRKXMYojugoFG,1.18e-06,ac
The Smashing Pumpkins,STP - Rehearsal Demo,5pqMOdMl1IuRniHXFI2xFD,2.08e-06,ac
The Smashing Pumpkins,Frail And Bedazzled - Soundworks Demo,795kaa8U6yZuejw67b8sfe,1.05e-06,ac
The Smashing Pumpkins,Hello Kitty Kat - Soundworks Demo,0pS4t0AvsXJTLY7aWef0qF,1.62e-06,ac
The Smashing Pumpkins,Today - Broadway Rehearsals Demo,4WparHqiidJbDE7XGuGTj3,0,ac
The Smashing Pumpkins,U.S.S.R. - Soundworks Demo,2gUVmZVrMPBbRVU32iEIfP,2.12e-06,ac
2Pac,Intro,1gHu5jtN4SZxJNlHnEOciQ,0,va
50 Cent,Intro,6Qf8uHQC8CQAHAmfjGBGPN,0,va
Alicia Keys,The Element of Freedom (Intro),7JxiUfSIlnspU7TwJBj172,0,va
Beastie Boys,Oh My Goodness This Record's Incredible - Remastered 2009,6ha4lidYqe6KiGtHfQGpKr,0,va
Beastie Boys,Ask For Janice,5xNiV1sUHLmEcDzWcJbYjt,0,va
blink-182,Can't Get You More Pregnant,2Ekzlj8HqZDRbuXq5ODr5R,0,va
Bryce Vine,Voicemail - Interlude,5zu4i5JZl0ePLcZFRrNVFG,0,va
Calvin Harris,Vault Character,48eVBJaOkFchY0yUlhTSC4,0,va
Daddy Yankee,Interlude - Live,7vhwAUOFRpY61IIVmZ6CnO,0,va
Daddy Yankee,Interlude - Live,40cmMudpTm9ZYH40zRtYgE,0,va
Erykah Badu,Hi,5GsT7Z8h4PL3TPtWm3Maki,0,va
Glass Animals,((home movie: 1994)),7jPN8R29pCxozomUtdlC7z,0,va
Gorillaz,Interlude: Elevator Going Up,5vN4teJoROMQoadL4IzejG,0,va
Gorillaz,Interlude: Penthouse,5Qb7Xzno6RrmIKEAybLBOW,0,va
Gorillaz,Interlude: The Elephant,0lFjKxkSIEMOVgTevxl67A,0,va
Sketch,Two Decades Ago,0TlS39nVsvZ1aMAPMdZlYf,0,va
Janet Jackson,Spinnin - Interlude,55JQUPtvLuDVB5ToBDvRQN,0,va
Janet Jackson,4 Words - Interlude,3RukNLeHV1AtIbRnFy6T0P,0,va
Janet Jackson,Outro,0kzxhBJ7yrM0EbN3bD8Hti,0,va
Janet Jackson,You Know,0DZ7TVEo4ivAIJxvgQALzE,0,va
Janet Jackson,Be A Good Boy,4cklPNKdJ14Ippg6U4x3AV,0,va
Janet Jackson,Back,2d7W1B4rrPYsZ4V5YQPbrJ,0,va
Janet Jackson,Go On Miss Janet,5pipIbCD9vK7ELZar8YGHM,0,sp
Janet Jackson,Love Part 2,0XDCiQU4FfR84ihVaa0Mgo,0,sp
Janet Jackson,Wind,5YJyN8SAiRh7GXKdXGzk6B,0,sp
Janet Jackson,Another Lover,4Nxu9aXZXNojnLQLk0bcP4,0,sp
Janet Jackson,Hold On Baby,5SR9jC1eo7egHp7UXotRGj,0,sp
Janet Jackson,Sweet Dreams,0r3UthAgr6BmjNiI7dBF1w,0,sp
Janet Jackson,Interlude: Race,0uxK2g1iDNZRgipetUk4B6,0,sp
Janet Jackson,Interlude: Let's Dance,5KcJlvSdqSwGnrDKnO5pYC,0,sp
AFI,Morningstar,1ZQRxKu2P7CinQLcyJgrRG,2.03e-05,en
AFI,God Called In Sick Today,6H1Pnff1kWTgtZZuaGpfEK,2.03e-05,en
AFI,Highschool Football Hero/ Man In A Suitcase (Hidden Track),690Ovxq3VbiOvZ1qQDeZyJ,2.02e-05,en
Beach House,Irene,2SajO25cBrwoN59IbQIpxj,7.16e-05,en
Calvin Harris,Traffic Cops,05K9iP4NbxcxywOzuEA3d7,0,va
Carrie Underwood,Jesus Loves Me - instrumental,2HFuzPcb8cCYE2qEuT2dHu,0.00625,en
Erykah Badu,Outro (World Keeps Turnin'),58l9YMNNcQDA2njV5ZXXrh,0.00469,en
James Blake,10th Soundscape,037GGIOeygJwwuvk4jfIo8,-41.009,lo
James Blake,Meet You In The Maze,769vrJXv69vVKlZjX9XJ4W,0.00722,en
James Blake,Lindisfarne I,4PFa7ZyqP0quv3jGKi4cje,0.00521,en
Sleep Soul,Soft Sleep White Noise,3oNgCupXl6XJRTJZ9D8yJW,0.00647,en
Sleep Soul,Healing Sounds & Frequencies for Children,4hMU0T6K0pCIBHNg5l2Hvp,0.00183,en
John Lennon,Oh My Love - Elements Mix,7xWaXyXg3zNDhwYypJjzUb,0.00433,en
John Lennon,Nutopian International Anthem - Remastered 2010,7F79XZz877jl7m1YJUnoRN,-60.0,lo
Kate Bush,Aerial Tal - 2018 Remaster,2n2D35EgoIHB2SCXOzlIjL,0.00689,en
M83,Beauties can die,3PyDdkze6ZoVylcGqJPM32,0.000772,en
Mac DeMarco,20190205 2,4MCID4Fy8zpZzCRJWiSqXB,0.0024,en
MF DOOM,My Love,3nQvlkzrkoVbudVgebOskd,0.000264,en
Mike Posner,Thank You,57l6GVJXjSWcguXMlVqrkQ,0.000518,en
Mike Posner,Thank You,6I2X9VLgZTPPoCXzW8FYtk,0.000278,en
Neutral Milk Hotel,Avery Island / April 1st,04aJtorJL9ad4JbExB9IEy,0.004,en
Oasis,Better Man,4xyVrxKGbLTALTFksFaoD6,2.01e-05,en
Pearl Jam,Parting Ways,3kBCvmj4qHqM2FVuF54EZO,0.000241,en
Tears For Fears,Woman In Chains - Reprise,3x1Jf03wg10StWCmQv7tJk,0.00383,en
The Black Keys,240 Years Before Your Time,7t62ZznYS71prfJHgOSPGL,2.01e-05,en
The Neighbourhood,A Moment of Silence,57g9uWuZI1t822eLvEVQjn,-60.0,lo
The Offspring,Smash,0IpxRowrGhxHo1zhvmx1ks,0.000103,en
The Who,Helpless Dancer,5ye7zxsj8BtX8aECAqIMjV,0.00627,en
Tom Odell,Librium,6kdGrUX5g9DoFaGYlQWifz,0.00424,en
Weezer,Across The Sea Piano Noodles,2ntEyzdcRvGfbWFauXcDJi,0.00272,en
*NSYNC,Pop,0Jc8qF1mUPo1A96HE9QxZz,0,ins
*NSYNC,Celebrity,2YHvWvFFH53lpG96eijEe9,0,ins
*NSYNC,The Game Is Over,7GyofbVZe4gfyzimhxmDC4,0,mo
*NSYNC,Gone,4CCUjYJPbSXLL23BFeBVbI,0,mo
*NSYNC,See Right Through You,0x0KmsdyPlkBlBjvpoOh9h,0,ins
*NSYNC,Selfish,78WtQgnzUKImvnUFhvIUcQ,0,ins
*NSYNC,Something Like You,2hXhC1nZ5GeEmjbQOshHSI,0,ins
*NSYNC,Do Your Thing,2SJtvzCSpgdcB4QUqU9kYB,0,mo
*NSYNC,This I Promise You,46n2EGFnPC3tzWCN1Aqe26,0,ins
*NSYNC,No Strings Attached,6wOlzyu9hqu4Tjk0kPNv6e,0,ins
*NSYNC,That's When I'll Stop Loving You,3TnT4ULnE2bzJG40gUtZh6,0,ins
*NSYNC,I Thought She Knew,0b4u7IhBY61kSmS8wVIPYg,0,ins
*NSYNC,Home for Christmas,3cNhneDghtV9yHK2KeF0Es,0,ins
*NSYNC,Under My Tree,6QTbNadGXZ2xUGQ0nZEhLw,0,mo
*NSYNC,I Never Knew the Meaning of Christmas,60tynZB6YaV1Zt3MuodxWZ,0,ins
*NSYNC,I Guess It's Christmas Time,0O3qXS5DEEqqOjYxGMhHjS,0,ins
*NSYNC,The First Noel,07iHbbigSDl7kcWjKaiM3g,0,ins
*NSYNC,In Love on Christmas,4fxvrCE59SCkLu5ardAXAT,0,ins
*NSYNC,It's Christmas,0piPAJS8d1xLTK57tX8quf,0,ins
*NSYNC,O Holy Night - A Cappella,7JkCwoxICUtwg2PrvxBlJ5,0,ins
*NSYNC,The Only Gift,10CPaH7on90QzTUxbxT20L,0,ins
*NSYNC,Here We Go - Radio Cut,0aYMFyDeGgOIUUMqfGYg00,0,ins
*NSYNC,For The Girl Who Has Everything - Club Mix,5gvSsnnKJQYt16VhWqOeeQ,0,mo
*NSYNC,(God Must Have Spent) A Little More Time On You,4mljNnZ2eaXKSbEAOzLlLE,0,ins
*NSYNC,Everything I Own,2DrxV6hp0zGQ6LX7B3aI4j,0,ins
*NSYNC,Thinking of You (I Drive Myself Crazy),2lFmoFR906U2ztvMMuJ0ep,0,ins
*NSYNC,Crazy For You,6b9MAuWDPcIm4GhnLyOhqV,0,ins
*NSYNC,For The Girl Who Has Everything,65FdDHZuu54GGRgDaGmfQn,0,ins
*NSYNC,Here We Go - Radio Cut,2EsbDFU0G70s2yaW0lqK6b,0,ins
*NSYNC,More Than a Feeling,37yhwtBD9pgCB91bHmbycg,0,ins
Alicia Keys,The Element of Freedom (Intro),7JxiUfSIlnspU7TwJBj172,0,va
alt-J,Interlude 3,4oUIZiGkLIL2yAqb2phbJH,-32.719,lo
Arcade Fire,Prelude,5o5p9IULyigMoSXj88xED0,-37.846,lo
Beastie Boys,Oh My Goodness This Record's Incredible - Remastered 2009,6ha4lidYqe6KiGtHfQGpKr,0,va
Cyndi Lauper,Intro,3jIUcBOWeCCnYv9Kmn1M1C,-35.085,lo
Cyndi Lauper,Kindred Spirit,6rYEXAyBx9KDojhIfxR00r,-37.484,lo
Ice Cube,The Shot - Remastered,0SUPpDo8nEk5DXjpBTmWur,-32.723,lo
James Blake,2nd Soundscape,1JvWjyVmgXZHIMTqjrcnn1,-36.478,lo
James Blake,8th Soundscape,2ruA6raOTclsNg8f8JB0x1,-34.454,lo
James Blake,10th Soundscape,037GGIOeygJwwuvk4jfIo8,-41.009,lo
Janet Jackson,Rain,40jXKhBAvLui2W3iKRJMTU,0,va
Janet Jackson,Be A Good Boy,4cklPNKdJ14Ippg6U4x3AV,0,va
Janet Jackson,Wind,5YJyN8SAiRh7GXKdXGzk6B,0,sp
Janet Jackson,Hold On Baby,5SR9jC1eo7egHp7UXotRGj,0,sp
Janet Jackson,Rain,5UIK19WriwfpAs3PEjQ2sZ,-38.631,lo
John Lennon,Nutopian International Anthem - Remastered 2010,7F79XZz877jl7m1YJUnoRN,-60.0,lo
Kate Bush,Prelude - 2018 Remaster,2Z6ynWKfXbp66zGf5GSbyD,-32.832,lo
Maná,Mr. Grove - Hidden Track,0WjGfXjGx271dJJb5c5r2i,-33.805,lo
Mark Ronson,I Don't Have an Ending,1FG5cGWkaPPdN1ahzbu94w,-34.309,lo
Mike Posner,Introduction,6TARPc1V0uF6luUYTtXWBP,-33.821,lo
Pink Floyd,Outside the Wall,1nW0lHGLpE1iQDP5Nvt3x1,-35.898,lo
Pink Floyd,Speak to Me - 2023 Remaster,1strUR6J5Ozg7T5k84gn5w,-33.278,lo
Pink Floyd,Speak to Me,574y1r7o2tRA009FW0LE7v,-33.35,lo
Simon & Garfunkel,Bookends Theme,6sIxdSgR1qM0DZ1zbeJTMu,-34.602,lo
Soundgarden,One Minute of Silence,3MZsPl1LtNw8uASlRD3Qn1,-43.205,lo
The Neighbourhood,A Moment of Silence,57g9uWuZI1t822eLvEVQjn,-60.0,lo
The Smashing Pumpkins,17,7kN7S8f4wKlJVKrA92KpMx,-35.553,lo
The Smashing Pumpkins,17,7r1mgQ1BDsWv1ZsLuIeTeF,-35.553,lo
Tory Lanez,LUV - Skit,7l8r61yVSfQWb3JwARpL2f,-53.341,lo
Trippie Redd,Woooo,0M5AxY5F9qNQiriiItyhy5,-35.423,lo
*NSYNC,The Game Is Over,7GyofbVZe4gfyzimhxmDC4,0,mo
*NSYNC,Girlfriend,6u5flhVFxKZrl9AApvf2SL,0,mo
*NSYNC,Gone,4CCUjYJPbSXLL23BFeBVbI,0,mo
*NSYNC,"Tell Me, Tell Me...Baby",6Pgxy1B32OlEGT8i3ccrlZ,0,mo
*NSYNC,Up Against The Wall,3ME2tArFXJxO2BJrmsGUrE,0,mo
*NSYNC,Just Don't Tell Me That,1avh9cngo4HAUMcOG7EaQU,0,mo
*NSYNC,Do Your Thing,2SJtvzCSpgdcB4QUqU9kYB,0,mo
*NSYNC,Bye Bye Bye,62bOmKYxYg7dhrC6gH9vFn,0,mo
*NSYNC,It's Gonna Be Me,2AW37v0bDyuOzGP3XnmFuA,0,mo
*NSYNC,Just Got Paid,1eV2FGbbyxCJ6xaLqBRiFW,0,mo
*NSYNC,It Makes Me Ill,0gbysjaH16DW29QpUnowcx,0,mo
*NSYNC,Under My Tree,6QTbNadGXZ2xUGQ0nZEhLw,0,mo
*NSYNC,I Just Wanna Be With You,7bOhbmnTHY49dgNZYRls6p,0,mo
*NSYNC,For The Girl Who Has Everything - Club Mix,5gvSsnnKJQYt16VhWqOeeQ,0,mo
*NSYNC,You Got It,1ORRJYYnoa6GlTIvMHLdjZ,0,mo
*NSYNC,I Need Love,3N5JmzrSKMt9O9matw3hrn,0,mo
*NSYNC,I Want You Back - Radio Edit,5YTMRAT4yKgFrepF8Hi3mY,0,mo
*NSYNC,You Got It,1iCkCB5GNUd420lZYSa4KE,0,mo
*NSYNC,I Need Love,0CxVpHZrNIZXkxBnFO96KG,0,mo
*NSYNC,"I Want You Back ( Achtung: Extended Version soll bei dieser CD nicht dabeistehen, kann jedoch aus RAAS-technischen gründen nicht entfernt werden) - Long Version",6XsioOnDz1IoFyMd7CyEAZ,0,mo
*NSYNC,For The Girl Who Has Everything - Club Mix,6qvdMKPhRk51A8GXGUdPhz,0,mo
*NSYNC,You Got It,76aQaXnUJK8QnxzdmqsV0q,0,mo
*NSYNC,I Need Love,7ugn7gej1XyEfvUiVvZD8G,0,mo
*NSYNC,I Want You Back - Radio Edit,3b0iqOwB5hjx07h99q2JJe,0,mo
*NSYNC,U Drive Me Crazy (Bonus Track) - Radio Edit,3b1KEHTtDkUyd00BWEri2P,0,mo
100 gecs,757,4vwHBxN5OGtUqqUWvWClGd,0,mo
100 gecs,Doritos & Fritos,1jPPKYq1s1HhIjAiqrnRR8,0,mo
100 gecs,Billy Knows Jamie,6fXeuZAQ00BjrOxFtoFS9S,0,mo
100 gecs,One Million Dollars,3Cqt1Sg1FYBpUzoXEzf4dD,0,mo
100 gecs,mememe,39Pudjd7JS8NosYN24m7Hc,0,mo
2Pac,Intro,1gHu5jtN4SZxJNlHnEOciQ,0,va
50 Cent,Intro,6Qf8uHQC8CQAHAmfjGBGPN,0,va
Alicia Keys,The Element of Freedom (Intro),7JxiUfSIlnspU7TwJBj172,0,va
Beastie Boys,Oh My Goodness This Record's Incredible - Remastered 2009,6ha4lidYqe6KiGtHfQGpKr,0,va
Beastie Boys,Ask For Janice,5xNiV1sUHLmEcDzWcJbYjt,0,va
blink-182,Can't Get You More Pregnant,2Ekzlj8HqZDRbuXq5ODr5R,0,va
Bryce Vine,Voicemail - Interlude,5zu4i5JZl0ePLcZFRrNVFG,0,va
Calvin Harris,Vault Character,48eVBJaOkFchY0yUlhTSC4,0,va
Daddy Yankee,Interlude - Live,7vhwAUOFRpY61IIVmZ6CnO,0,va
Daddy Yankee,Interlude - Live,40cmMudpTm9ZYH40zRtYgE,0,va
Erykah Badu,Hi,5GsT7Z8h4PL3TPtWm3Maki,0,va
Glass Animals,((home movie: 1994)),7jPN8R29pCxozomUtdlC7z,0,va
Gorillaz,Interlude: Elevator Going Up,5vN4teJoROMQoadL4IzejG,0,va
Gorillaz,Interlude: Penthouse,5Qb7Xzno6RrmIKEAybLBOW,0,va
Gorillaz,Interlude: The Elephant,0lFjKxkSIEMOVgTevxl67A,0,va
Sketch,Two Decades Ago,0TlS39nVsvZ1aMAPMdZlYf,0,va
Janet Jackson,Spinnin - Interlude,55JQUPtvLuDVB5ToBDvRQN,0,va
Janet Jackson,4 Words - Interlude,3RukNLeHV1AtIbRnFy6T0P,0,va
Janet Jackson,Outro,0kzxhBJ7yrM0EbN3bD8Hti,0,va
Janet Jackson,You Know,0DZ7TVEo4ivAIJxvgQALzE,0,va
Janet Jackson,Be A Good Boy,4cklPNKdJ14Ippg6U4x3AV,0,va
Janet Jackson,Back,2d7W1B4rrPYsZ4V5YQPbrJ,0,va
Janet Jackson,Go On Miss Janet,5pipIbCD9vK7ELZar8YGHM,0,sp
Janet Jackson,Love Part 2,0XDCiQU4FfR84ihVaa0Mgo,0,sp
Janet Jackson,Wind,5YJyN8SAiRh7GXKdXGzk6B,0,sp
Janet Jackson,Another Lover,4Nxu9aXZXNojnLQLk0bcP4,0,sp
Janet Jackson,Hold On Baby,5SR9jC1eo7egHp7UXotRGj,0,sp
Janet Jackson,Sweet Dreams,0r3UthAgr6BmjNiI7dBF1w,0,sp
Janet Jackson,Interlude: Race,0uxK2g1iDNZRgipetUk4B6,0,sp
Janet Jackson,Interlude: Let's Dance,5KcJlvSdqSwGnrDKnO5pYC,0,sp
2Pac,Intro,1gHu5jtN4SZxJNlHnEOciQ,0,va
50 Cent,Intro,6Qf8uHQC8CQAHAmfjGBGPN,0,va
Alicia Keys,The Element of Freedom (Intro),7JxiUfSIlnspU7TwJBj172,0,va
Beastie Boys,Oh My Goodness This Record's Incredible - Remastered 2009,6ha4lidYqe6KiGtHfQGpKr,0,va
Beastie Boys,Ask For Janice,5xNiV1sUHLmEcDzWcJbYjt,0,va
Bee Gees,E.S.P. - Vocal Reprise,0tK3o1Dzggbjg7II9Lnsz6,0,va
blink-182,Built This Pool,30gC55td8iKXWenVwkj21L,0,va
blink-182,Can't Get You More Pregnant,2Ekzlj8HqZDRbuXq5ODr5R,0,va
blink-182,Built This Pool,1oBECT3z0l4yfVnUjzen8M,0,va
Breaking Benjamin,Lyra,36V7bhzrhND5w4LilDWTAY,0,va
Bryce Vine,Voicemail - Interlude,5zu4i5JZl0ePLcZFRrNVFG,0,va
Calvin Harris,Traffic Cops,05K9iP4NbxcxywOzuEA3d7,0,va
Calvin Harris,Vault Character,48eVBJaOkFchY0yUlhTSC4,0,va
Christina Aguilera,My Heart (Intro),0YjIgBaI0k654oc9fje2d6,0,va
Daddy Yankee,Interlude - Live,7vhwAUOFRpY61IIVmZ6CnO,0,va
Daddy Yankee,Interlude - Live,40cmMudpTm9ZYH40zRtYgE,0,va
"Earth, Wind & Fire","Interlude, No. 1",3f2sl2cv3pYEDft97qTcaK,0,va
Erykah Badu,Hi,5GsT7Z8h4PL3TPtWm3Maki,0,va
Glass Animals,((home movie: 1994)),7jPN8R29pCxozomUtdlC7z,0,va
Gorillaz,Interlude: Elevator Going Up,5vN4teJoROMQoadL4IzejG,0,va
Gorillaz,Interlude: Penthouse,5Qb7Xzno6RrmIKEAybLBOW,0,va
Gorillaz,Interlude: The Elephant,0lFjKxkSIEMOVgTevxl67A,0,va
Sketch,Two Decades Ago,0TlS39nVsvZ1aMAPMdZlYf,0,va
Janet Jackson,Spinnin - Interlude,55JQUPtvLuDVB5ToBDvRQN,0,va
Janet Jackson,4 Words - Interlude,3RukNLeHV1AtIbRnFy6T0P,0,va
Janet Jackson,Outro,0kzxhBJ7yrM0EbN3bD8Hti,0,va
Janet Jackson,Rain,40jXKhBAvLui2W3iKRJMTU,0,va
Janet Jackson,You Know,0DZ7TVEo4ivAIJxvgQALzE,0,va
Janet Jackson,Be A Good Boy,4cklPNKdJ14Ippg6U4x3AV,0,va
Janet Jackson,Back,2d7W1B4rrPYsZ4V5YQPbrJ,0,va
