By,Album
6LACK,Since I Have A Lover (Endel Sleep Soundscape)
AJR,Living Room (Spotify Track by Track Commentary)
Alicia Keys,Queen Charlotte: A Bridgerton Story (Covers from the Netflix Series)
Alicia Keys,No One (Remixes)
All Time Low,It's Still Nothing Personal: A Ten Year Tribute
alt-J,The Dream (CARBS Remix Edition)
Amy Winehouse,AMY (Original Motion Picture Soundtrack)
Anderson .Paak,Oxnard (Instrumentals)
Arcade Fire,Her (Original Score)
Aretha Franklin,The Genesis of Aretha: 1960-1966
Aretha Franklin,The Genius of Aretha Franklin
Aretha Franklin,The Glory of Aretha: 1980-2014
Aretha Franklin,Aretha Franklin Sings The Great Diva Classics
Aventura,K.O.B. Live
Backstreet Boys,In a World Like This (Deluxe World Tour Edition)
Barenaked Ladies,Ladies and Gentlemen: Barenaked Ladies & the Persuasions
Barenaked Ladies,Barenaked For The Holidays
Barenaked Ladies,Barenaked Ladies Are Men
Barenaked Ladies,Barenaked Ladies Are Me
Bastille,MTV Unplugged
Beyoncé,The Lion King: The Gift
Beyoncé,Above And Beyoncé Dance Mixes
BLACKPINK,BLACKPINK 2021 'THE SHOW' LIVE
BLACKPINK,BLACKPINK 2019-2020 WORLD TOUR IN YOUR AREA -TOKYO DOME- (Live)
Bleachers,Live At Electric Lady
Bob Marley & The Wailers,Bob Marley with the Chineke! Orchestra
Bob Marley & The Wailers,The Capitol Session '73 (Live)
Bob Marley & The Wailers,Marley (The Original Soundtrack)
Bon Jovi,This House Is Not For Sale (Live From The London Palladium)
Childish Gambino,Heartbeat (Remix Bundle)
Chris Brown,BREEZY - It's Giving Christmas
Christina Perri,songs for rosie
Christina Perri,songs for carmella: lullabies & sing-a-longs
Chuck Berry,Live At Fillmore Auditorium
Chuck Berry,Chuck Berry In Memphis
CNCO,Déjà Vu Live
Counting Crows,August And Everything After
Counting Crows,"New Amsterdam Live At Heineken Music Hall February 6, 2003"
Counting Crows,Across A Wire (Live In New York)
Creedence Clearwater Revival,"At The Royal Albert Hall (At The Royal Albert Hall / London, UK / April 14, 1970)"
Creedence Clearwater Revival,Live At Woodstock
Creedence Clearwater Revival,The Concert
Creedence Clearwater Revival,Live In Europe
"Crosby, Stills & Nash",CSN 2012
Daddy Yankee,"2K20, Pt. 2 (Live)"
Daddy Yankee,Muve Sessions: Prestige
Daft Punk,Daft Punk | Random Access Memories | The Collaborators
Daft Punk,Human After All (Remixes)
Daft Punk,Alive 1997
David Guetta,Nothing but the Beat - The Electronic Album
Death Cab for Cutie,Asphalt Meadows (Acoustic)
Destiny's Child,Destiny's Child: The Untold Story Presents Girls Tyme
DMX,...And Then There Was X
Dr. Dre,2001 Instrumental
Dua Lipa,Club Future Nostalgia (DJ Mix)
Duke Dumont,Duality Remixed
Duran Duran,"A Diamond In The Mind (Live At The MEN Arena,Manchester, England / 2011)"
Ed Sheeran,2step (The Remixes)
Ed Sheeran,x (Wembley Edition)
Ellie Goulding,Bright Lights (Lights Re-pack / Bonus Version)
Elton John,Rocketman (Music From The Motion Picture)
Elton John,The Road To El Dorado (Original Motion Picture Soundtrack)
Fall Out Boy,From Under The Cork Tree Limited Tour Edition
Fatboy Slim,Mixmag Presents Fatboy Slim: We Are 30
Feid,Así Como Suena
Fleetwood Mac,50 Years - Don't Stop
Flume,Skin: The Remixes
Foo Fighters,Dee Gees / Hail Satin - Foo Fighters / Live
fun.,Some Nights
Future,I NEVER LIKED YOU (Instrumental)
Future,SUPERFLY (Original Motion Picture Soundtrack)
Glass Animals,Dreamland (+ Bonus Levels 2.0)
Grateful Dead,"Saint of Circumstance: Giants Stadium, East Rutherford, NJ 6/17/91 (Live)"
Green Day,BBC Sessions (Live)
Gustavo Cerati,Siempre Es Hoy/Reversiones
Halsey,hopeless fountain kingdom (Live From Webster Hall)
Jack Johnson,Sleep Through The Static: Remixed
Jack Johnson,Sing-A-Longs & Lullabies For The Film Curious George
Jack Johnson,Jack Johnson And Friends: Sing-A-Longs And Lullabies For The Film Curious George
Jason Mraz,Jason Mraz Live & Acoustic 2001 (20th Anniversary Edition)
Jason Mraz,YES! (Commentary)
Jason Mraz,Jason Mraz Live & Acoustic 2001
Jay Wheeler,Jay Wheeler En Vivo
JAY-Z,Jay-Z Unplugged (Live On MTV Unplugged / 2001)
Jesse & Joy,¿Con quién se queda el perro? (Spain Standard)
Jesse & Joy,Esta Es Mi Vida - Edición Espacial
Jimmy Eat World,Surviving: Phoenix Sessions
Jimmy Eat World,Futures: Phoenix Sessions
Jimmy Eat World,Clarity: Phoenix Sessions
John Legend,LEGEND (Solo Piano Version)
John Legend,Spotify Sessions
John Lennon,Imagine (The Ultimate Mixes)
Jonas Brothers,JONAS L.A. (Music from the TV Series)
Juanes,Loco De Amor (Tour Edition)
Juanes,La Vida Es Un Ratico En Vivo
Juanes,Mi Sangre 2005 Tour Edition
Juice WRLD,Goodbye & Good Riddance (5 Year Anniversary Edition)
Justin Bieber,Believe Acoustic
Justin Bieber,Never Say Never - The Remixes
Justin Timberlake,The Book of Love (Original Motion Picture Soundtrack)
Justin Timberlake,"12"" Masters - The Essential Mixes"
Katy Perry,One Of The Boys (15th Anniversary Edition)
Kenny Rogers,Timepiece - Orchestral Sessions with David Foster
Kygo,Kids in Love (Remixes)
Lady Gaga,Top Gun: Maverick (Music From The Motion Picture)
Lady Gaga,BORN THIS WAY THE TENTH ANNIVERSARY
Lady Gaga,A Star Is Born Soundtrack (Without Dialogue)
Lady Gaga,A Star Is Born Soundtrack
Lauv,~how i'm feeling~ (the extras)
Lauv,I met you when I was 18. (the extras)
Lil Wayne,Tha Carter III [Edited (MTV Bonus Version)]
Linkin Park,Hybrid Theory (20th Anniversary Edition)
Linkin Park,The Hunting Party: Acapellas + Instrumentals
Linkin Park,LIVING THINGS: Acapellas and Instrumentals
Little Mix,Salute - Rarities & Remixes
Lord Huron,Music for The Starling Girl (Score & Music from the Original Motion Picture)
Lynyrd Skynyrd,Nothing Comes Easy 1991-2012
M83,Knife + Heart (Original Motion Picture Soundtrack)
M83,Oblivion (Original Motion Picture Soundtrack)
M83,Oblivion (Original Motion Picture Soundtrack) [Deluxe Edition]
Mac Miller,Blue Slide Park (Commentary Version)
Maggie Rogers,Notes from the Archive: Recordings 2011-2016 (With Commentary)
Major Lazer,Music Is The Weapon (Remixes)
Major Lazer,Afrobeats Mix (DJ Mix)
Maroon 5,Call And Response: The Remix Album
Men At Work,Live in Christchurch 1982
Metallica,Helping Hands...Live & Acoustic at The Masonic
MF DOOM,"Metal Fingers Presents: Special Herbs, The Box Set Vol. 0 - 9"
MGMT,Little Dark Age (Matthew Dear Album Remix)
Michael Jackson,BLOOD ON THE DANCE FLOOR/ HIStory In The Mix
Michael Jackson,"HIStory - PAST, PRESENT AND FUTURE - BOOK I"
Miles Davis,Music From and Inspired by The Film Birth Of The Cool
Muse,Origin of Symmetry (XX Anniversary RemiXX)
N.W.A.,Straight Outta Compton
Natalia Lafourcade,Natalia Lafourcade (Spotify Session)
Niall Horan,Flicker Featuring The RTÃ‰ Concert Orchestra (Live)
Nirvana,MTV Unplugged In New York (25th Anniversary)
Nirvana,MTV Unplugged In New York
Nirvana,In Utero - 20th Anniversary Super Deluxe
Nirvana,Nevermind (Super Deluxe Edition)
Paul Simon,Seven Psalms
Peso Pluma,"Disco en Vivo, Vol.2 (En Vivo)"
Peso Pluma,Disco en Vivo (En Vivo)
Phil Collins,Remixed Sides
Phil Collins,Other Sides
Phoenix,Wolfgang Amadeus Phoenix (Remix Collection)
Pink Floyd,The Dark Side Of The Moon (Live at Wembley 1974) [2023 Master]
Pitbull,Gotti (Original Motion Picture Soundtrack)
Portugal. The Man,Oregon City Sessions
Queen,The Miracle (Collector's Edition)
Queen,Bohemian Rhapsody (The Original Soundtrack)
Queen,Queen On Air
Queen,Live at the Rainbow â€˜74
R.E.M.,New Adventures In Hi-Fi (25th Anniversary Edition)
Radiohead,OK Computer OKNOTOK 1997 2017
RÃœFÃœS DU SOL,Surrender (Remixes)
RÃœFÃœS DU SOL,Live from Joshua Tree
RÃœFÃœS DU SOL,SOLACE REMIXED
RÃœFÃœS DU SOL,Desert Night (Remixes)
Rauw Alejandro,Concierto Virtual en Tiempos de COVID-19 Desde el Coliseo de Puerto Rico
Ray Charles,"Modern Sounds in Country and Western Music, Vols 1 & 2"
Rihanna,Rated R: Remixed
Rihanna,Good Girl Gone Bad: The Remixes
Romeo Santos,Utopia Live From MetLife Stadium
Sech,Sech (Sped Up)
Snoop Dogg,Snoop Dogg Presents Death Row Summer 2022
Snoop Dogg,"Metaverse: The NFT Drop, Vol. 2"
Snoop Dogg,Snoop Dogg Presents Algorithm (Global Edition)
Snoop Dogg,Snoop Dogg Presents Algorithm
Soda Stereo,Zona de Promesas (Mixes 1984 - 1993)
Stevie Nicks,24 Karat Gold: Songs from the Vault (Deluxe Edition)
Stevie Wonder,Additional Singles & Rarities
Stevie Wonder,Mono Singles
Stevie Wonder,Remixes
Stevie Wonder,"Music From The Movie ""Jungle Fever"""
Sublime,"$5 At The Door (Live at Tressel Tavern, 1994)"
Sublime,Sublime Meets Scientist & Mad Professor Inna L.B.C.
Sublime,Sublime Acoustic: Bradley Nowell & Friends
Sublime,Stand By Your Van - Live!
Sum 41,All The Good Sh**. 14 Solid Gold Hits (2000-2008)
Taylor Swift,folklore: the long pond studio sessions (from the Disney+ special) [deluxe edition]
Taylor Swift,reputation Stadium Tour Surprise Song Playlist
The Beach Boys,"""Feel Flows"" The Sunflower & Surfâ€™s Up Sessions 1969-1971 (Super Deluxe)"
The Beach Boys,The Beach Boys On Tour: 1968 (Live)
The Beach Boys,Becoming the Beach Boys: The Complete Hite & Dorinda Morgan Sessions
The Beach Boys,The Beach Boysâ€™ Party! Uncovered And Unplugged
The Beatles,Get Back (Rooftop Performance)
The Beatles,The Beatles
The Beatles,Yellow Submarine Songtrack
The Beatles,Let It Be... Naked (Remastered)
The Beatles,On Air - Live At The BBC (Vol.2)
The Beatles,Live At The BBC
The Cure,Anniversary: 1978 - 2018 Live In Hyde Park London
The Cure,Bestival Live 2011
The Fray,Live at The Electric Factory Bootleg No. 1
The Kinks,The Journey - Pt. 1
The Kinks,Everybody's in Show-Biz (Deluxe) [2022 Remaster]
The Kinks,Muswell Hillbillies [Deluxe (2022 Remaster)]
The Kinks,Arthur or the Decline and Fall of the British Empire (Deluxe)
The Kinks,"Lola vs. Powerman and the Moneygoround, Pt. One + Percy (Super Deluxe)"
The Kinks,At the BBC
The Neighbourhood,I Love You. (Sped Up)
The Neighbourhood,I Love You. (Slowed Down)
The Neighbourhood,I Love You. (10th Anniversary Edition)
The Notorious B.I.G.,Life After Death (25th Anniversary Super Deluxe Edition)
The Notorious B.I.G.,Music Inspired By Biggie: I Got A Story To Tell
The Who,The Who With Orchestra: Live At Wembley
The Who,The Who Sell Out (Super Deluxe)
The Who,Live In Hyde Park
The Who,Quadrophenia - Live In London
Tiësto,Nyana Mixed by Tiësto
Tina Turner,Happiness (UngekÃ¼rzte Lesung)
Tom Odell,Wrong Crowd (East 1st Street Piano Tapes)
Tom Petty,Finding Wildflowers (Alternate Versions)
TOTO,Toto XIV (with Commentary)
TOTO,Toto XX: 1977-1997
Troye Sivan,Blue Neighbourhood (The Remixes)
Twenty One Pilots,Scaled And Icy (Livestream Version)
Usher,Live
Whitney Houston,I Go To The Rock: The Gospel Music Of Whitney Houston
Whitney Houston,I Wish You Love: More From The Bodyguard
Wisin & Yandel,La Revolucion Live
Zara Larsson,Poster Girl (Summer Edition)
ZAYN,Mind Of Mine (Deluxe Edition)
Zoé,Prográmaton Revisitado (1)
Zoé,Zoe Exitos
Cutting Crew,Mixes / Extended / Live
Faye Webster,Live At Electric Lady
Daft Punk,TRON: Legacy - The Complete Edition (Original Motion Picture Soundtrack)
Daft Punk,TRON: Legacy Reconfigured
Disclosure,Settle (The Remixes)
Disclosure,Alchemy (The Remixes)
Don Omar,Remix Album
Backstreet Boys,In a World Like This (Remixes)
Alicia Keys,If I Ain't Got You (Remixes)
Chris Brown,Heartbreak On A Full Moon Deluxe Edition: Cuffing Season - 12 Days Of Christmas
